skills,education,interests,experience,career
numpy git statistics linux pandas machine learning,BTech CSE,machine learning,3,Data Scientist
pandas numpy data visualization aws,BSc Statistics,machine learning,7,Data Scientist
data visualization numpy statistics linux sql pandas,MSc Data Science,research,1,Data Scientist
python data visualization numpy statistics problem solving sql pandas machine learning,BTech CSE,problem solving,5,Data Scientist
python numpy statistics communication sql pandas machine learning,MCA,innovation,5,Data Scientist
python data visualization numpy statistics sql pandas machine learning,BTech CSE,problem solving,2,Data Scientist
python data visualization numpy git statistics sql machine learning,BSc Statistics,technology,7,Data Scientist
python numpy machine learning statistics,BTech CSE,ai,6,Data Scientist
python data visualization numpy git statistics linux pandas,BSc Statistics,data analytics,1,Data Scientist
python data visualization numpy statistics communication sql pandas machine learning,BSc Statistics,technology,1,Data Scientist
python data visualization numpy aws problem solving pandas machine learning,MSc Data Science,data analytics,2,Data Scientist
python data visualization numpy statistics sql pandas machine learning,BSc Statistics,problem solving,6,Data Scientist
python aws problem solving statistics sql,MSc Data Science,problem solving,3,Data Scientist
python data visualization numpy statistics sql pandas machine learning,BTech CSE,innovation,7,Data Scientist
python numpy git sql pandas,BTech CSE,research,4,Data Scientist
python data visualization statistics linux sql pandas,BTech CSE,innovation,8,Data Scientist
data visualization statistics communication sql pandas,MSc Data Science,machine learning,3,Data Scientist
python data visualization numpy statistics sql pandas machine learning,MCA,innovation,4,Data Scientist
statistics docker sql pandas machine learning,MCA,ai,5,Data Scientist
python data visualization numpy statistics communication sql pandas machine learning,BTech CSE,technology,2,Data Scientist
python numpy statistics problem solving sql pandas,BSc Statistics,innovation,6,Data Scientist
python data visualization numpy statistics linux sql machine learning,BTech CSE,technology,7,Data Scientist
python data visualization numpy statistics sql pandas,MCA,data analytics,4,Data Scientist
python numpy sql pandas machine learning,BTech CSE,innovation,7,Data Scientist
numpy git statistics docker sql pandas machine learning,BTech CSE,ai,2,Data Scientist
sql data visualization numpy,BTech CSE,ai,4,Data Scientist
sql data visualization machine learning statistics,MCA,machine learning,4,Data Scientist
python data visualization numpy statistics sql pandas machine learning,BTech CSE,data analytics,1,Data Scientist
python data visualization numpy statistics sql pandas machine learning,BSc Statistics,ai,3,Data Scientist
python data visualization numpy statistics sql pandas,BTech CSE,data analytics,8,Data Scientist
python pandas data visualization statistics,BTech CSE,data analytics,7,Data Scientist
pandas numpy data visualization machine learning,MSc Data Science,machine learning,5,Data Scientist
python data visualization statistics problem solving communication sql pandas machine learning,MCA,data analytics,7,Data Scientist
python statistics problem solving sql pandas machine learning,BTech CSE,innovation,4,Data Scientist
statistics linux docker sql pandas machine learning,MCA,research,6,Data Scientist
python numpy statistics sql machine learning,MCA,research,8,Data Scientist
python data visualization git statistics sql machine learning,MCA,research,8,Data Scientist
data visualization numpy statistics sql pandas machine learning,BTech CSE,ai,5,Data Scientist
python data visualization numpy pandas machine learning,BSc Statistics,ai,6,Data Scientist
python data visualization numpy aws statistics pandas machine learning,MSc Data Science,research,6,Data Scientist
python data visualization numpy statistics linux sql pandas machine learning,MCA,data analytics,5,Data Scientist
python data visualization numpy statistics sql,BSc Statistics,research,8,Data Scientist
python data visualization numpy statistics docker sql pandas,BTech CSE,data analytics,1,Data Scientist
sql data visualization numpy,MSc Data Science,innovation,5,Data Scientist
python data visualization numpy statistics communication docker sql pandas machine learning,BSc Statistics,ai,6,Data Scientist
python data visualization statistics sql pandas machine learning,MCA,research,1,Data Scientist
sql python machine learning aws,BTech CSE,research,0,Data Scientist
python data visualization numpy git sql pandas,BSc Statistics,innovation,0,Data Scientist
python data visualization numpy statistics linux communication sql pandas machine learning,BTech CSE,innovation,8,Data Scientist
python data visualization statistics sql machine learning,BTech CSE,problem solving,6,Data Scientist
python data visualization numpy statistics problem solving docker sql pandas machine learning,MCA,research,2,Data Scientist
data visualization numpy statistics problem solving sql pandas,MCA,research,4,Data Scientist
python numpy statistics sql pandas machine learning,MSc Data Science,problem solving,3,Data Scientist
python data visualization numpy statistics sql pandas machine learning,MCA,data analytics,2,Data Scientist
python data visualization numpy statistics sql pandas machine learning,MCA,innovation,4,Data Scientist
python data visualization numpy statistics sql pandas machine learning,BTech CSE,problem solving,6,Data Scientist
python data visualization numpy statistics problem solving docker sql pandas machine learning,BSc Statistics,machine learning,4,Data Scientist
python numpy aws statistics pandas machine learning,MCA,machine learning,7,Data Scientist
python data visualization numpy statistics linux sql machine learning,MSc Data Science,machine learning,4,Data Scientist
python numpy statistics sql machine learning,BTech CSE,machine learning,2,Data Scientist
sql machine learning statistics,BTech CSE,research,7,Data Scientist
python pandas machine learning docker,MSc Data Science,research,7,Data Scientist
python numpy docker pandas machine learning,BTech CSE,technology,1,Data Scientist
python data visualization numpy statistics sql,BTech CSE,innovation,2,Data Scientist
sql pandas numpy machine learning,BTech CSE,problem solving,3,Data Scientist
numpy statistics sql pandas machine learning,BTech CSE,technology,5,Data Scientist
python pandas numpy,BTech CSE,technology,8,Data Scientist
python data visualization communication sql pandas machine learning,BSc Statistics,ai,7,Data Scientist
python data visualization numpy statistics docker sql pandas machine learning,MSc Data Science,research,8,Data Scientist
linux numpy pandas statistics,MSc Data Science,ai,5,Data Scientist
python data visualization statistics pandas machine learning,BSc Statistics,technology,8,Data Scientist
python numpy data visualization docker,MCA,machine learning,8,Data Scientist
pandas data visualization machine learning,BSc Statistics,ai,4,Data Scientist
data visualization numpy statistics sql pandas machine learning,BTech CSE,machine learning,4,Data Scientist
sql pandas numpy data visualization,BTech CSE,technology,5,Data Scientist
data visualization numpy problem solving statistics sql,BSc Statistics,ai,3,Data Scientist
python data visualization numpy statistics sql pandas machine learning,BSc Statistics,research,5,Data Scientist
python statistics linux sql pandas machine learning,BSc Statistics,research,8,Data Scientist
sql python numpy statistics,MSc Data Science,data analytics,0,Data Scientist
python data visualization numpy statistics sql pandas machine learning,BTech CSE,technology,8,Data Scientist
python data visualization numpy statistics sql machine learning,MSc Data Science,machine learning,6,Data Scientist
python data visualization numpy git statistics docker sql machine learning,BTech CSE,research,2,Data Scientist
sql python pandas data visualization,MCA,technology,8,Data Scientist
python pandas numpy machine learning,BTech CSE,problem solving,2,Data Scientist
python data visualization numpy statistics sql machine learning,MSc Data Science,research,6,Data Scientist
python data visualization numpy statistics problem solving linux sql pandas machine learning,BSc Statistics,problem solving,3,Data Scientist
python data visualization numpy git statistics sql pandas machine learning,BTech CSE,innovation,1,Data Scientist
sql python numpy,BTech CSE,research,1,Data Scientist
linux statistics sql pandas machine learning,MCA,problem solving,6,Data Scientist
python data visualization numpy statistics sql pandas,BSc Statistics,innovation,7,Data Scientist
sql data visualization machine learning statistics,MCA,machine learning,0,Data Scientist
numpy data visualization statistics,MSc Data Science,research,8,Data Scientist
python data visualization numpy git pandas machine learning,BTech CSE,problem solving,2,Data Scientist
pandas data visualization numpy,MCA,machine learning,7,Data Scientist
python data visualization numpy statistics docker sql pandas machine learning,MCA,research,6,Data Scientist
python data visualization numpy statistics docker sql pandas,BTech CSE,problem solving,5,Data Scientist
python aws sql pandas machine learning,MCA,technology,7,Data Scientist
sql pandas data visualization statistics,MSc Data Science,problem solving,1,Data Scientist
python data visualization numpy statistics sql pandas machine learning,BTech CSE,innovation,7,Data Scientist
python data visualization numpy aws statistics sql pandas machine learning,BSc Statistics,machine learning,5,Data Scientist
bootstrap css ui design javascript,BTech IT,ui ux,4,Frontend Developer
javascript bootstrap ui design html css,BCA,web design,0,Frontend Developer
javascript bootstrap communication ui design html react,BCA,innovation,7,Frontend Developer
html css bootstrap,MCA,creative coding,0,Frontend Developer
python css problem solving javascript bootstrap react,MCA,innovation,5,Frontend Developer
javascript bootstrap ui design html css,MCA,ui ux,5,Frontend Developer
css linux bootstrap ui design html react,BTech IT,problem solving,4,Frontend Developer
html css ui design aws,BCA,problem solving,2,Frontend Developer
aws javascript bootstrap ui design react,BTech IT,innovation,2,Frontend Developer
bootstrap ui design javascript,BCA,technology,5,Frontend Developer
css ui design javascript,MCA,technology,7,Frontend Developer
python javascript react bootstrap communication ui design html css,MCA,web design,0,Frontend Developer
bootstrap css problem solving javascript,MCA,problem solving,2,Frontend Developer
aws javascript bootstrap ui design sql html react,MCA,ui ux,2,Frontend Developer
react bootstrap css javascript,BCA,ui ux,0,Frontend Developer
html bootstrap react aws,BTech IT,technology,0,Frontend Developer
react bootstrap css javascript,BTech IT,frontend,7,Frontend Developer
html bootstrap css javascript,BCA,web design,8,Frontend Developer
bootstrap css aws javascript,BTech IT,technology,1,Frontend Developer
html css problem solving javascript,MCA,technology,8,Frontend Developer
html react aws javascript,BTech IT,web design,7,Frontend Developer
css problem solving communication ui design html react,MCA,creative coding,6,Frontend Developer
css aws javascript bootstrap ui design html react,BTech IT,ui ux,6,Frontend Developer
aws javascript bootstrap ui design html css,BTech IT,creative coding,7,Frontend Developer
python javascript linux bootstrap ui design html react,BCA,technology,3,Frontend Developer
bootstrap react ui design javascript,MCA,web design,4,Frontend Developer
html react ui design bootstrap,MCA,ui ux,5,Frontend Developer
python javascript ui design html react,BCA,problem solving,4,Frontend Developer
html bootstrap css ui design,MCA,frontend,4,Frontend Developer
html bootstrap css sql,MCA,technology,4,Frontend Developer
problem solving bootstrap ui design docker react,BTech IT,web design,7,Frontend Developer
python problem solving javascript bootstrap ui design html,BTech IT,web design,0,Frontend Developer
css javascript bootstrap ui design react,MCA,problem solving,8,Frontend Developer
html css ui design javascript,BCA,problem solving,5,Frontend Developer
javascript react bootstrap linux html css,BTech IT,technology,8,Frontend Developer
aws bootstrap ui design html react,MCA,creative coding,8,Frontend Developer
python css javascript bootstrap communication html react,BTech IT,ui ux,4,Frontend Developer
git javascript react bootstrap problem solving ui design html css,MCA,technology,3,Frontend Developer
javascript react bootstrap ui design html css,MCA,frontend,0,Frontend Developer
javascript problem solving bootstrap ui design html css,BCA,ui ux,6,Frontend Developer
react bootstrap ui design html css,BTech IT,problem solving,6,Frontend Developer
bootstrap react ui design javascript,BCA,innovation,6,Frontend Developer
git javascript bootstrap communication ui design,BTech IT,innovation,2,Frontend Developer
javascript react bootstrap ui design css,BCA,technology,1,Frontend Developer
git react bootstrap html css,BTech IT,creative coding,3,Frontend Developer
javascript react bootstrap ui design sql html css,BTech IT,ui ux,3,Frontend Developer
aws react bootstrap ui design docker html css,BTech IT,technology,4,Frontend Developer
bootstrap react javascript,BTech IT,creative coding,4,Frontend Developer
python git javascript react bootstrap ui design html css,BTech IT,problem solving,6,Frontend Developer
python javascript react html css,BCA,ui ux,4,Frontend Developer
python javascript react ui design css,BTech IT,problem solving,2,Frontend Developer
javascript linux bootstrap ui design sql html react,BCA,innovation,1,Frontend Developer
react html css javascript,BTech IT,problem solving,2,Frontend Developer
python javascript ui design sql html react,BCA,creative coding,7,Frontend Developer
react ui design javascript,BTech IT,innovation,4,Frontend Developer
css javascript bootstrap ui design html react,BCA,frontend,2,Frontend Developer
aws javascript bootstrap ui design react,BTech IT,problem solving,8,Frontend Developer
bootstrap react javascript,BTech IT,creative coding,6,Frontend Developer
css javascript bootstrap ui design sql html react,BCA,creative coding,0,Frontend Developer
css aws javascript bootstrap ui design html react,BCA,frontend,1,Frontend Developer
python react ui design javascript,BCA,ui ux,8,Frontend Developer
linux react bootstrap ui design sql html css,BCA,technology,2,Frontend Developer
css javascript bootstrap ui design html react,BTech IT,problem solving,7,Frontend Developer
css javascript bootstrap ui design html react,BCA,ui ux,4,Frontend Developer
html javascript bootstrap,BCA,ui ux,7,Frontend Developer
python javascript react bootstrap ui design html css,MCA,technology,1,Frontend Developer
html react ui design,MCA,innovation,2,Frontend Developer
python css javascript linux ui design html react,BCA,web design,6,Frontend Developer
html bootstrap css javascript,BTech IT,web design,3,Frontend Developer
javascript bootstrap ui design html react,BTech IT,web design,0,Frontend Developer
javascript react bootstrap ui design css,MCA,creative coding,5,Frontend Developer
aws javascript problem solving bootstrap ui design html css,BCA,problem solving,0,Frontend Developer
javascript bootstrap docker sql css,BTech IT,web design,8,Frontend Developer
html react ui design python,BCA,frontend,8,Frontend Developer
javascript react bootstrap ui design html css,MCA,frontend,3,Frontend Developer
aws javascript bootstrap docker html,BTech IT,ui ux,5,Frontend Developer
git problem solving javascript html react,BCA,web design,2,Frontend Developer
react ui design problem solving javascript,BCA,ui ux,7,Frontend Developer
css javascript bootstrap html react,MCA,innovation,5,Frontend Developer
bootstrap react ui design javascript,BCA,problem solving,2,Frontend Developer
javascript react problem solving ui design html css,MCA,web design,2,Frontend Developer
javascript bootstrap ui design docker css,BCA,problem solving,6,Frontend Developer
css git linux bootstrap ui design html react,BCA,ui ux,0,Frontend Developer
javascript react bootstrap ui design html css,MCA,web design,7,Frontend Developer
javascript bootstrap sql html css,MCA,web design,3,Frontend Developer
css javascript bootstrap ui design html react,MCA,technology,1,Frontend Developer
css git javascript linux bootstrap react,BTech IT,technology,8,Frontend Developer
javascript react bootstrap linux sql html css,MCA,innovation,3,Frontend Developer
javascript bootstrap ui design docker html react,MCA,problem solving,2,Frontend Developer
javascript linux bootstrap ui design html react,BCA,frontend,7,Frontend Developer
git bootstrap ui design html react,BCA,web design,2,Frontend Developer
aws javascript problem solving bootstrap html react,BCA,innovation,2,Frontend Developer
javascript bootstrap ui design html react,BTech IT,ui ux,4,Frontend Developer
javascript react bootstrap linux ui design html css,BTech IT,creative coding,1,Frontend Developer
linux react communication html css,BTech IT,problem solving,4,Frontend Developer
html bootstrap ui design javascript,MCA,ui ux,0,Frontend Developer
css linux javascript bootstrap problem solving react,BTech IT,ui ux,5,Frontend Developer
react bootstrap css python,BTech IT,technology,8,Frontend Developer
aws git bootstrap ui design css,BCA,problem solving,7,Frontend Developer
react bootstrap ui design html css,BTech IT,ui ux,1,Frontend Developer
python java django docker sql flask api development,MCA,technology,4,Backend Developer
python java django aws docker sql flask api development,BCA,innovation,0,Backend Developer
java django sql flask api development,MCA,backend systems,5,Backend Developer
python django git flask api development,BTech CSE,innovation,3,Backend Developer
python django aws communication sql flask api development,MCA,innovation,1,Backend Developer
python git sql flask api development,BTech CSE,databases,5,Backend Developer
java django api development docker,MCA,technology,1,Backend Developer
python java django problem solving sql flask api development,MCA,problem solving,6,Backend Developer
sql python java django,MCA,databases,6,Backend Developer
python django sql flask api development,MCA,databases,2,Backend Developer
python java django linux sql api development,BCA,server architecture,1,Backend Developer
java flask api development,BCA,problem solving,5,Backend Developer
python linux sql flask api development,BCA,technology,0,Backend Developer
java django linux sql flask api development,BTech CSE,server architecture,6,Backend Developer
python django api development git,MCA,backend systems,8,Backend Developer
python django sql flask api development,MCA,server architecture,3,Backend Developer
python java django linux sql flask api development,BCA,server architecture,8,Backend Developer
python java django sql api development,MCA,databases,1,Backend Developer
python java django git sql flask api development,BCA,backend systems,3,Backend Developer
python java django sql flask api development,BCA,databases,4,Backend Developer
python java flask,BCA,technology,0,Backend Developer
sql python django,BTech CSE,backend systems,3,Backend Developer
python java django problem solving flask,BTech CSE,databases,6,Backend Developer
python java django sql flask api development,MCA,innovation,1,Backend Developer
sql python django aws,BTech CSE,innovation,3,Backend Developer
python java django git sql,MCA,problem solving,8,Backend Developer
python java django aws sql flask api development,BCA,problem solving,3,Backend Developer
python django aws docker api development,BCA,backend systems,2,Backend Developer
sql python api development,BTech CSE,databases,4,Backend Developer
python java aws communication flask api development,MCA,problem solving,8,Backend Developer
sql flask api development,BTech CSE,innovation,5,Backend Developer
python java django sql flask,BCA,databases,2,Backend Developer
python java django aws sql flask api development,BCA,problem solving,1,Backend Developer
python java django sql api development,BTech CSE,server architecture,4,Backend Developer
python java django docker sql flask api development,BCA,problem solving,8,Backend Developer
python java aws communication sql flask api development,BCA,server architecture,7,Backend Developer
python java django sql api development,MCA,innovation,0,Backend Developer
python java sql flask api development,BTech CSE,databases,5,Backend Developer
python java django sql flask api development,BTech CSE,server architecture,4,Backend Developer
python java aws sql flask,BTech CSE,innovation,1,Backend Developer
sql java flask communication,BCA,innovation,8,Backend Developer
django aws docker sql flask,BTech CSE,backend systems,7,Backend Developer
java git linux sql flask api development,MCA,databases,4,Backend Developer
java django docker sql flask,BTech CSE,backend systems,0,Backend Developer
java django linux sql flask api development,BCA,innovation,5,Backend Developer
java flask django git,BTech CSE,server architecture,8,Backend Developer
python java django linux sql flask api development,BCA,technology,1,Backend Developer
python java flask api development,BCA,innovation,2,Backend Developer
python java django sql flask api development,BTech CSE,databases,1,Backend Developer
sql python flask problem solving,BTech CSE,backend systems,4,Backend Developer
sql python api development aws,BTech CSE,technology,0,Backend Developer
python java django git flask api development,BTech CSE,problem solving,6,Backend Developer
python java django sql flask api development,BTech CSE,backend systems,1,Backend Developer
sql python java,BCA,innovation,4,Backend Developer
python flask django api development,BCA,databases,5,Backend Developer
python java django aws docker flask api development,BCA,problem solving,4,Backend Developer
python java django sql flask api development,BCA,databases,4,Backend Developer
java flask communication api development,BTech CSE,backend systems,6,Backend Developer
python java django sql flask api development,MCA,innovation,4,Backend Developer
sql java django docker,MCA,innovation,4,Backend Developer
python java django communication sql flask api development,BTech CSE,problem solving,6,Backend Developer
python java flask django,MCA,technology,7,Backend Developer
java flask django,MCA,backend systems,0,Backend Developer
java aws sql flask api development,BCA,databases,3,Backend Developer
sql python java django,BTech CSE,technology,7,Backend Developer
sql java flask api development,BCA,innovation,4,Backend Developer
python java flask api development,MCA,problem solving,2,Backend Developer
python java django sql flask api development,BCA,problem solving,3,Backend Developer
python java django git communication sql flask api development,MCA,innovation,7,Backend Developer
python java django sql flask api development,MCA,innovation,1,Backend Developer
python java django aws problem solving sql api development,BCA,backend systems,0,Backend Developer
python java django communication docker sql flask api development,MCA,server architecture,3,Backend Developer
python django docker flask api development,BCA,databases,3,Backend Developer
python java django docker sql flask api development,BTech CSE,problem solving,4,Backend Developer
sql java flask django,BCA,backend systems,2,Backend Developer
java django sql flask api development,MCA,server architecture,3,Backend Developer
python java django docker,BTech CSE,databases,0,Backend Developer
python java git sql api development,BCA,technology,0,Backend Developer
sql python django docker,MCA,backend systems,8,Backend Developer
sql python java api development,MCA,problem solving,6,Backend Developer
python java django communication sql flask api development,BTech CSE,problem solving,5,Backend Developer
java flask django api development,MCA,problem solving,7,Backend Developer
python java django aws sql flask api development,MCA,backend systems,6,Backend Developer
sql flask django linux,BTech CSE,backend systems,5,Backend Developer
java django communication sql flask api development,BTech CSE,backend systems,0,Backend Developer
java flask api development,BTech CSE,backend systems,8,Backend Developer
python java django sql flask api development,BTech CSE,innovation,1,Backend Developer
python java django sql flask,BCA,backend systems,1,Backend Developer
java flask api development,MCA,backend systems,4,Backend Developer
python java linux sql api development,BCA,innovation,4,Backend Developer
python java django docker sql flask api development,MCA,innovation,7,Backend Developer
python java django sql flask api development,BCA,server architecture,5,Backend Developer
python java django sql flask api development,MCA,backend systems,4,Backend Developer
python flask api development git,MCA,innovation,6,Backend Developer
sql python django,BTech CSE,databases,8,Backend Developer
python django aws problem solving sql flask,MCA,problem solving,2,Backend Developer
python java django api development,BCA,technology,1,Backend Developer
python java django sql flask api development,BCA,innovation,5,Backend Developer
python java django sql flask api development,BTech CSE,databases,2,Backend Developer
python java django communication sql,BTech CSE,backend systems,1,Backend Developer
python tensorflow deep learning docker machine learning,BTech CSE,deep learning,8,Machine Learning Engineer
pytorch tensorflow numpy problem solving docker machine learning,MTech AI,deep learning,7,Machine Learning Engineer
python pytorch tensorflow numpy deep learning linux docker machine learning,MTech AI,automation,3,Machine Learning Engineer
pytorch tensorflow numpy aws deep learning machine learning,MCA,problem solving,4,Machine Learning Engineer
python pytorch tensorflow deep learning git problem solving machine learning,MTech AI,automation,8,Machine Learning Engineer
python pytorch numpy deep learning docker machine learning,MCA,innovation,6,Machine Learning Engineer
python pytorch tensorflow numpy deep learning machine learning,BTech CSE,innovation,7,Machine Learning Engineer
communication numpy machine learning deep learning,BTech CSE,innovation,3,Machine Learning Engineer
python pytorch numpy aws deep learning,MTech AI,innovation,1,Machine Learning Engineer
python pytorch numpy linux communication,BTech CSE,automation,7,Machine Learning Engineer
python pytorch tensorflow numpy deep learning problem solving machine learning,MTech AI,ai,7,Machine Learning Engineer
python pytorch git deep learning docker,BTech CSE,automation,5,Machine Learning Engineer
tensorflow python machine learning linux,MTech AI,ai,3,Machine Learning Engineer
python numpy machine learning deep learning,MCA,ai,5,Machine Learning Engineer
python pytorch tensorflow numpy aws deep learning docker machine learning,BTech CSE,deep learning,4,Machine Learning Engineer
python pytorch tensorflow numpy aws linux machine learning,MCA,technology,1,Machine Learning Engineer
python pytorch tensorflow numpy deep learning machine learning,MTech AI,innovation,3,Machine Learning Engineer
python pytorch numpy deep learning communication machine learning,MTech AI,technology,8,Machine Learning Engineer
tensorflow python pytorch sql,BTech CSE,automation,2,Machine Learning Engineer
python tensorflow deep learning sql machine learning,MCA,technology,8,Machine Learning Engineer
python pytorch tensorflow numpy deep learning git problem solving machine learning,MCA,problem solving,1,Machine Learning Engineer
python pytorch numpy git deep learning,BTech CSE,problem solving,1,Machine Learning Engineer
python tensorflow numpy aws machine learning,MTech AI,technology,5,Machine Learning Engineer
python pytorch tensorflow deep learning machine learning,BTech CSE,problem solving,6,Machine Learning Engineer
python pytorch tensorflow numpy machine learning,MTech AI,automation,4,Machine Learning Engineer
pytorch tensorflow numpy deep learning linux communication machine learning,BTech CSE,deep learning,1,Machine Learning Engineer
python pytorch tensorflow numpy deep learning docker sql machine learning,MTech AI,automation,2,Machine Learning Engineer
python pytorch tensorflow deep learning problem solving machine learning,BTech CSE,automation,7,Machine Learning Engineer
python tensorflow numpy deep learning machine learning,BTech CSE,automation,7,Machine Learning Engineer
python pytorch tensorflow numpy deep learning communication docker machine learning,MTech AI,technology,6,Machine Learning Engineer
python pytorch tensorflow numpy aws deep learning git,BTech CSE,ai,8,Machine Learning Engineer
python pytorch tensorflow numpy aws deep learning machine learning,MTech AI,automation,8,Machine Learning Engineer
python pytorch tensorflow numpy deep learning problem solving machine learning,BTech CSE,technology,6,Machine Learning Engineer
python pytorch tensorflow deep learning problem solving machine learning,MCA,deep learning,4,Machine Learning Engineer
pytorch tensorflow numpy deep learning machine learning,MTech AI,problem solving,3,Machine Learning Engineer
python pytorch numpy aws deep learning sql,BTech CSE,automation,2,Machine Learning Engineer
python numpy deep learning docker,MCA,automation,4,Machine Learning Engineer
python pytorch numpy deep learning machine learning,MCA,ai,8,Machine Learning Engineer
tensorflow python pytorch problem solving,MTech AI,deep learning,8,Machine Learning Engineer
python pytorch tensorflow numpy aws deep learning communication machine learning,MTech AI,problem solving,1,Machine Learning Engineer
tensorflow python numpy deep learning,BTech CSE,problem solving,2,Machine Learning Engineer
python pytorch tensorflow numpy deep learning machine learning,BTech CSE,problem solving,4,Machine Learning Engineer
python tensorflow numpy deep learning communication machine learning,BTech CSE,problem solving,4,Machine Learning Engineer
tensorflow python machine learning,BTech CSE,problem solving,2,Machine Learning Engineer
python pytorch numpy deep learning sql machine learning,MTech AI,automation,4,Machine Learning Engineer
python pytorch tensorflow numpy deep learning git machine learning,MCA,innovation,6,Machine Learning Engineer
python pytorch tensorflow numpy deep learning machine learning,MCA,technology,6,Machine Learning Engineer
python pytorch numpy aws deep learning machine learning,MTech AI,automation,2,Machine Learning Engineer
python pytorch machine learning linux,MCA,problem solving,7,Machine Learning Engineer
python pytorch tensorflow problem solving sql machine learning,BTech CSE,automation,3,Machine Learning Engineer
python pytorch tensorflow deep learning communication sql machine learning,MTech AI,automation,7,Machine Learning Engineer
python pytorch numpy aws deep learning machine learning,MCA,problem solving,1,Machine Learning Engineer
tensorflow numpy deep learning linux git machine learning,MCA,innovation,1,Machine Learning Engineer
python pytorch tensorflow deep learning problem solving machine learning,MCA,problem solving,8,Machine Learning Engineer
python pytorch tensorflow numpy deep learning sql machine learning,MTech AI,problem solving,0,Machine Learning Engineer
python pytorch tensorflow deep learning git machine learning,MCA,innovation,8,Machine Learning Engineer
tensorflow numpy machine learning,BTech CSE,deep learning,7,Machine Learning Engineer
python communication pytorch machine learning,MTech AI,ai,4,Machine Learning Engineer
tensorflow python numpy deep learning,MCA,innovation,1,Machine Learning Engineer
tensorflow numpy deep learning communication docker machine learning,MTech AI,technology,5,Machine Learning Engineer
python pytorch tensorflow numpy machine learning,MCA,innovation,8,Machine Learning Engineer
python communication pytorch machine learning,MCA,innovation,5,Machine Learning Engineer
python pytorch tensorflow numpy deep learning machine learning,MTech AI,ai,7,Machine Learning Engineer
python pytorch tensorflow numpy deep learning machine learning,MCA,ai,4,Machine Learning Engineer
pytorch tensorflow numpy aws deep learning,MTech AI,automation,7,Machine Learning Engineer
python numpy aws problem solving machine learning,MCA,problem solving,4,Machine Learning Engineer
python numpy machine learning deep learning,BTech CSE,deep learning,4,Machine Learning Engineer
python pytorch tensorflow numpy deep learning git docker,MTech AI,automation,1,Machine Learning Engineer
tensorflow numpy deep learning,BTech CSE,deep learning,6,Machine Learning Engineer
python pytorch tensorflow aws deep learning machine learning,BTech CSE,deep learning,2,Machine Learning Engineer
python pytorch tensorflow numpy aws deep learning machine learning,BTech CSE,automation,4,Machine Learning Engineer
python pytorch machine learning deep learning,MTech AI,automation,7,Machine Learning Engineer
tensorflow python pytorch docker,BTech CSE,automation,3,Machine Learning Engineer
python pytorch numpy deep learning machine learning,MCA,automation,1,Machine Learning Engineer
pytorch numpy deep learning sql,BTech CSE,problem solving,6,Machine Learning Engineer
tensorflow pytorch numpy,MTech AI,ai,3,Machine Learning Engineer
pytorch tensorflow numpy deep learning problem solving linux machine learning,MTech AI,deep learning,8,Machine Learning Engineer
tensorflow communication numpy machine learning,MTech AI,innovation,8,Machine Learning Engineer
python pytorch tensorflow git machine learning,MTech AI,automation,3,Machine Learning Engineer
python tensorflow numpy aws deep learning git machine learning,MCA,automation,2,Machine Learning Engineer
python pytorch tensorflow numpy deep learning machine learning,BTech CSE,automation,6,Machine Learning Engineer
python pytorch tensorflow numpy deep learning,MCA,technology,1,Machine Learning Engineer
python pytorch tensorflow numpy deep learning linux sql machine learning,BTech CSE,innovation,6,Machine Learning Engineer
python pytorch tensorflow numpy deep learning machine learning,MTech AI,deep learning,0,Machine Learning Engineer
python tensorflow numpy aws docker machine learning,MCA,ai,3,Machine Learning Engineer
python pytorch tensorflow numpy deep learning machine learning,MCA,technology,4,Machine Learning Engineer
python pytorch tensorflow numpy deep learning machine learning,BTech CSE,deep learning,6,Machine Learning Engineer
python pytorch numpy docker machine learning,MCA,deep learning,0,Machine Learning Engineer
python pytorch tensorflow numpy deep learning docker sql machine learning,BTech CSE,innovation,8,Machine Learning Engineer
python pytorch tensorflow numpy linux machine learning,BTech CSE,innovation,5,Machine Learning Engineer
python pytorch numpy aws deep learning problem solving,MCA,ai,6,Machine Learning Engineer
python pytorch tensorflow deep learning git sql machine learning,MCA,deep learning,0,Machine Learning Engineer
tensorflow python git deep learning,MCA,automation,5,Machine Learning Engineer
numpy machine learning deep learning,MCA,innovation,8,Machine Learning Engineer
python pytorch tensorflow numpy deep learning git machine learning,MTech AI,technology,6,Machine Learning Engineer
tensorflow numpy deep learning docker,MCA,deep learning,6,Machine Learning Engineer
tensorflow pytorch machine learning deep learning,MCA,technology,5,Machine Learning Engineer
tensorflow numpy machine learning docker,BTech CSE,automation,5,Machine Learning Engineer
python pytorch tensorflow numpy linux sql,BTech CSE,innovation,8,Machine Learning Engineer
pytorch tensorflow numpy deep learning sql machine learning,BTech CSE,problem solving,4,Machine Learning Engineer
docker aws terraform linux,MCA,innovation,3,Cloud Engineer
kubernetes terraform networking,BTech CSE,devops,0,Cloud Engineer
networking linux aws docker,MCA,problem solving,4,Cloud Engineer
linux networking terraform docker,MCA,devops,0,Cloud Engineer
kubernetes terraform linux aws git docker networking,BTech CSE,devops,0,Cloud Engineer
python kubernetes aws problem solving docker,MCA,devops,7,Cloud Engineer
kubernetes aws linux terraform docker networking,BTech CSE,problem solving,0,Cloud Engineer
aws git linux problem solving docker networking,BTech CSE,cloud computing,7,Cloud Engineer
kubernetes terraform linux aws docker networking,BTech CSE,technology,4,Cloud Engineer
docker networking aws linux,BTech IT,innovation,4,Cloud Engineer
kubernetes aws linux terraform networking,BTech IT,problem solving,6,Cloud Engineer
linux aws terraform networking,MCA,technology,3,Cloud Engineer
aws kubernetes linux terraform git communication docker networking,BTech CSE,devops,1,Cloud Engineer
python aws linux docker networking,BTech CSE,innovation,7,Cloud Engineer
aws kubernetes linux terraform git docker,BTech IT,innovation,8,Cloud Engineer
kubernetes terraform linux aws docker networking,BTech CSE,cloud computing,4,Cloud Engineer
kubernetes aws linux terraform docker networking,BTech CSE,infrastructure,8,Cloud Engineer
kubernetes terraform linux aws docker problem solving networking,BTech CSE,devops,0,Cloud Engineer
kubernetes terraform linux aws networking,BTech IT,problem solving,2,Cloud Engineer
kubernetes terraform linux aws docker networking,MCA,problem solving,6,Cloud Engineer
kubernetes terraform linux docker networking,BTech CSE,cloud computing,0,Cloud Engineer
aws terraform networking,BTech CSE,cloud computing,0,Cloud Engineer
kubernetes aws terraform linux docker networking,BTech IT,innovation,4,Cloud Engineer
kubernetes aws linux terraform docker networking,BTech CSE,infrastructure,1,Cloud Engineer
networking linux kubernetes docker,BTech CSE,problem solving,3,Cloud Engineer
python kubernetes aws linux terraform git docker,MCA,innovation,2,Cloud Engineer
kubernetes aws linux terraform networking,BTech IT,devops,0,Cloud Engineer
kubernetes aws terraform linux docker networking,BTech CSE,cloud computing,4,Cloud Engineer
aws terraform linux docker networking,BTech CSE,infrastructure,4,Cloud Engineer
aws linux communication docker networking,BTech CSE,devops,7,Cloud Engineer
aws kubernetes terraform linux networking,BTech CSE,infrastructure,6,Cloud Engineer
aws kubernetes linux terraform docker sql networking,BTech CSE,problem solving,0,Cloud Engineer
aws terraform linux kubernetes git docker networking,MCA,innovation,0,Cloud Engineer
aws kubernetes terraform docker networking,BTech CSE,problem solving,0,Cloud Engineer
kubernetes aws linux terraform networking,BTech CSE,technology,2,Cloud Engineer
kubernetes aws networking,BTech IT,problem solving,3,Cloud Engineer
kubernetes terraform aws,BTech CSE,problem solving,2,Cloud Engineer
python kubernetes aws linux terraform git networking,BTech CSE,infrastructure,2,Cloud Engineer
python kubernetes terraform linux docker networking,BTech CSE,devops,0,Cloud Engineer
kubernetes terraform linux aws git communication docker networking,BTech CSE,technology,0,Cloud Engineer
linux terraform docker,BTech CSE,infrastructure,3,Cloud Engineer
aws communication kubernetes docker,MCA,technology,2,Cloud Engineer
kubernetes aws linux terraform docker networking,BTech CSE,problem solving,1,Cloud Engineer
docker linux terraform networking,MCA,cloud computing,4,Cloud Engineer
kubernetes linux docker communication networking,BTech IT,innovation,5,Cloud Engineer
kubernetes aws communication docker networking,MCA,cloud computing,6,Cloud Engineer
aws kubernetes linux terraform docker networking,BTech CSE,cloud computing,8,Cloud Engineer
kubernetes terraform linux aws docker networking,BTech CSE,technology,0,Cloud Engineer
linux networking docker,BTech CSE,innovation,5,Cloud Engineer
aws kubernetes terraform linux docker networking,MCA,technology,3,Cloud Engineer
linux aws kubernetes networking,BTech CSE,infrastructure,5,Cloud Engineer
networking problem solving kubernetes aws,BTech CSE,cloud computing,2,Cloud Engineer
aws kubernetes problem solving networking,MCA,technology,0,Cloud Engineer
python kubernetes aws linux docker networking,MCA,innovation,4,Cloud Engineer
kubernetes aws terraform linux docker git networking,BTech CSE,problem solving,2,Cloud Engineer
kubernetes aws linux terraform docker communication networking,BTech IT,technology,5,Cloud Engineer
aws git terraform linux docker,MCA,cloud computing,5,Cloud Engineer
aws terraform linux kubernetes git docker networking,BTech IT,cloud computing,1,Cloud Engineer
kubernetes aws networking,BTech CSE,infrastructure,1,Cloud Engineer
linux aws git docker,MCA,devops,8,Cloud Engineer
kubernetes terraform linux,MCA,innovation,7,Cloud Engineer
docker kubernetes terraform linux,MCA,technology,6,Cloud Engineer
aws terraform linux,BTech CSE,problem solving,6,Cloud Engineer
kubernetes terraform problem solving linux networking,MCA,infrastructure,3,Cloud Engineer
aws git terraform docker networking,BTech CSE,innovation,2,Cloud Engineer
aws terraform linux git docker sql networking,BTech CSE,problem solving,3,Cloud Engineer
python kubernetes aws linux terraform docker networking,BTech CSE,cloud computing,6,Cloud Engineer
networking kubernetes linux,MCA,devops,7,Cloud Engineer
kubernetes aws linux terraform git docker networking,MCA,infrastructure,0,Cloud Engineer
docker kubernetes terraform networking,BTech IT,infrastructure,7,Cloud Engineer
aws kubernetes terraform linux,BTech CSE,problem solving,8,Cloud Engineer
kubernetes aws linux terraform docker communication networking,BTech CSE,innovation,3,Cloud Engineer
aws kubernetes linux terraform networking,MCA,technology,3,Cloud Engineer
kubernetes terraform docker,BTech CSE,infrastructure,7,Cloud Engineer
aws kubernetes linux terraform networking,BTech IT,technology,1,Cloud Engineer
python kubernetes linux docker networking,BTech IT,innovation,6,Cloud Engineer
kubernetes aws linux problem solving docker networking,BTech CSE,infrastructure,6,Cloud Engineer
aws git terraform linux docker,BTech IT,innovation,4,Cloud Engineer
python kubernetes aws terraform networking,BTech CSE,innovation,3,Cloud Engineer
aws kubernetes terraform linux networking,MCA,cloud computing,8,Cloud Engineer
python kubernetes terraform linux aws docker networking,MCA,problem solving,3,Cloud Engineer
aws terraform linux,BTech CSE,cloud computing,0,Cloud Engineer
aws kubernetes terraform docker networking,BTech CSE,technology,3,Cloud Engineer
kubernetes terraform linux,MCA,problem solving,7,Cloud Engineer
python kubernetes linux docker networking,BTech CSE,innovation,0,Cloud Engineer
kubernetes networking aws docker,BTech IT,cloud computing,0,Cloud Engineer
linux kubernetes networking,BTech CSE,cloud computing,0,Cloud Engineer
networking aws terraform linux,MCA,infrastructure,7,Cloud Engineer
docker networking linux,MCA,devops,8,Cloud Engineer
python linux kubernetes networking,BTech IT,cloud computing,2,Cloud Engineer
aws terraform networking,BTech IT,cloud computing,7,Cloud Engineer
aws kubernetes terraform docker networking,BTech CSE,devops,8,Cloud Engineer
aws kubernetes terraform communication networking,BTech CSE,technology,1,Cloud Engineer
kubernetes terraform linux aws docker networking,BTech IT,devops,6,Cloud Engineer
kubernetes aws linux docker sql networking,MCA,devops,2,Cloud Engineer
aws kubernetes terraform docker networking,MCA,problem solving,1,Cloud Engineer
aws terraform linux docker networking,BTech IT,innovation,2,Cloud Engineer
kubernetes aws linux networking sql,BTech IT,cloud computing,6,Cloud Engineer
aws terraform linux communication docker,BTech CSE,cloud computing,7,Cloud Engineer
networking kubernetes linux,BTech IT,problem solving,7,Cloud Engineer
python penetration testing git network security linux ethical hacking,BSc Cybersecurity,cyber defense,1,Cybersecurity Analyst
penetration testing git network security linux ethical hacking,BSc Cybersecurity,ethical hacking,0,Cybersecurity Analyst
python penetration testing network security linux sql,BSc Cybersecurity,cyber defense,8,Cybersecurity Analyst
penetration testing ethical hacking linux,BSc Cybersecurity,innovation,8,Cybersecurity Analyst
python penetration testing linux network security ethical hacking,MCA,problem solving,8,Cybersecurity Analyst
python communication penetration testing linux,BTech CSE,cyber defense,7,Cybersecurity Analyst
penetration testing network security communication docker ethical hacking,MCA,innovation,1,Cybersecurity Analyst
python penetration testing network security linux docker,MCA,ethical hacking,2,Cybersecurity Analyst
python penetration testing linux docker sql ethical hacking,MCA,innovation,1,Cybersecurity Analyst
python linux penetration testing network security,MCA,innovation,2,Cybersecurity Analyst
python penetration testing network security linux ethical hacking,MCA,cyber defense,2,Cybersecurity Analyst
python penetration testing aws linux network security sql ethical hacking,BSc Cybersecurity,problem solving,3,Cybersecurity Analyst
python penetration testing linux,BTech CSE,cyber defense,4,Cybersecurity Analyst
python ethical hacking linux,BTech CSE,problem solving,5,Cybersecurity Analyst
python ethical hacking docker network security,MCA,cyber defense,0,Cybersecurity Analyst
penetration testing network security linux docker ethical hacking,BSc Cybersecurity,innovation,2,Cybersecurity Analyst
python penetration testing git linux ethical hacking,MCA,innovation,8,Cybersecurity Analyst
python penetration testing aws network security,MCA,problem solving,3,Cybersecurity Analyst
python penetration testing ethical hacking,MCA,ethical hacking,8,Cybersecurity Analyst
linux penetration testing ethical hacking network security,BTech CSE,problem solving,1,Cybersecurity Analyst
python penetration testing linux network security ethical hacking,MCA,ethical hacking,0,Cybersecurity Analyst
python penetration testing linux network security docker sql,BSc Cybersecurity,technology,5,Cybersecurity Analyst
python git linux network security ethical hacking,MCA,security,6,Cybersecurity Analyst
python penetration testing aws network security linux ethical hacking,BSc Cybersecurity,ethical hacking,2,Cybersecurity Analyst
python penetration testing linux network security ethical hacking,MCA,technology,3,Cybersecurity Analyst
penetration testing ethical hacking linux,MCA,technology,8,Cybersecurity Analyst
linux ethical hacking network security,BTech CSE,problem solving,8,Cybersecurity Analyst
python ethical hacking linux,BSc Cybersecurity,cyber defense,2,Cybersecurity Analyst
python penetration testing linux network security docker ethical hacking,MCA,technology,7,Cybersecurity Analyst
python penetration testing aws git network security ethical hacking,MCA,innovation,2,Cybersecurity Analyst
network security python ethical hacking linux,BSc Cybersecurity,cyber defense,2,Cybersecurity Analyst
python network security problem solving linux ethical hacking,BTech CSE,technology,2,Cybersecurity Analyst
python penetration testing linux network security ethical hacking,BSc Cybersecurity,technology,4,Cybersecurity Analyst
python linux penetration testing network security,MCA,ethical hacking,0,Cybersecurity Analyst
python penetration testing network security linux sql ethical hacking,MCA,innovation,5,Cybersecurity Analyst
network security python ethical hacking linux,BTech CSE,problem solving,7,Cybersecurity Analyst
python penetration testing git network security linux docker,MCA,innovation,0,Cybersecurity Analyst
python penetration testing network security linux ethical hacking,BSc Cybersecurity,cyber defense,7,Cybersecurity Analyst
linux ethical hacking network security,BSc Cybersecurity,problem solving,8,Cybersecurity Analyst
python penetration testing network security linux ethical hacking,MCA,ethical hacking,2,Cybersecurity Analyst
python git network security linux sql,BSc Cybersecurity,technology,5,Cybersecurity Analyst
python penetration testing linux network security communication ethical hacking,BTech CSE,cyber defense,4,Cybersecurity Analyst
python git linux network security communication ethical hacking,BTech CSE,ethical hacking,3,Cybersecurity Analyst
network security problem solving penetration testing linux,BSc Cybersecurity,technology,1,Cybersecurity Analyst
network security python git linux,MCA,technology,4,Cybersecurity Analyst
python communication ethical hacking network security,BSc Cybersecurity,innovation,0,Cybersecurity Analyst
python penetration testing ethical hacking linux,BTech CSE,ethical hacking,1,Cybersecurity Analyst
python penetration testing linux network security docker ethical hacking,MCA,technology,1,Cybersecurity Analyst
python penetration testing linux network security ethical hacking,BTech CSE,ethical hacking,2,Cybersecurity Analyst
network security python penetration testing linux,MCA,security,2,Cybersecurity Analyst
python penetration testing ethical hacking linux,BTech CSE,ethical hacking,1,Cybersecurity Analyst
python penetration testing aws network security linux communication ethical hacking,MCA,security,7,Cybersecurity Analyst
python penetration testing linux network security sql ethical hacking,MCA,innovation,8,Cybersecurity Analyst
python penetration testing ethical hacking,BSc Cybersecurity,problem solving,1,Cybersecurity Analyst
python penetration testing aws network security linux ethical hacking,MCA,cyber defense,8,Cybersecurity Analyst
penetration testing ethical hacking linux,BSc Cybersecurity,cyber defense,3,Cybersecurity Analyst
python penetration testing linux network security communication ethical hacking,MCA,problem solving,7,Cybersecurity Analyst
python penetration testing ethical hacking network security,BTech CSE,problem solving,7,Cybersecurity Analyst
python communication penetration testing network security,MCA,technology,2,Cybersecurity Analyst
python penetration testing aws network security linux problem solving ethical hacking,MCA,ethical hacking,7,Cybersecurity Analyst
python penetration testing network security linux problem solving communication ethical hacking,MCA,technology,4,Cybersecurity Analyst
python penetration testing linux,BSc Cybersecurity,problem solving,6,Cybersecurity Analyst
network security python ethical hacking linux,BSc Cybersecurity,innovation,6,Cybersecurity Analyst
python penetration testing linux docker ethical hacking,MCA,ethical hacking,5,Cybersecurity Analyst
python penetration testing ethical hacking,BSc Cybersecurity,problem solving,1,Cybersecurity Analyst
python git network security problem solving linux,BSc Cybersecurity,cyber defense,0,Cybersecurity Analyst
python penetration testing network security linux ethical hacking,BTech CSE,problem solving,6,Cybersecurity Analyst
python penetration testing aws linux docker,BSc Cybersecurity,security,7,Cybersecurity Analyst
python penetration testing git network security linux problem solving ethical hacking,BSc Cybersecurity,problem solving,8,Cybersecurity Analyst
network security penetration testing ethical hacking linux,BTech CSE,problem solving,7,Cybersecurity Analyst
penetration testing ethical hacking network security,BSc Cybersecurity,ethical hacking,6,Cybersecurity Analyst
python penetration testing network security,BSc Cybersecurity,innovation,1,Cybersecurity Analyst
python penetration testing linux network security problem solving ethical hacking,BTech CSE,security,2,Cybersecurity Analyst
sql python penetration testing network security,BTech CSE,ethical hacking,5,Cybersecurity Analyst
python penetration testing network security linux problem solving docker ethical hacking,BSc Cybersecurity,innovation,4,Cybersecurity Analyst
python penetration testing git linux network security,MCA,cyber defense,0,Cybersecurity Analyst
python penetration testing ethical hacking linux,BTech CSE,security,6,Cybersecurity Analyst
python penetration testing network security linux ethical hacking,BSc Cybersecurity,problem solving,6,Cybersecurity Analyst
python penetration testing aws network security linux docker ethical hacking,BTech CSE,security,0,Cybersecurity Analyst
python penetration testing ethical hacking network security,BSc Cybersecurity,ethical hacking,2,Cybersecurity Analyst
linux problem solving network security docker ethical hacking,MCA,security,4,Cybersecurity Analyst
python penetration testing ethical hacking network security,MCA,innovation,3,Cybersecurity Analyst
python penetration testing aws problem solving network security ethical hacking,BTech CSE,technology,3,Cybersecurity Analyst
network security python communication linux,MCA,innovation,0,Cybersecurity Analyst
python network security linux communication ethical hacking,BSc Cybersecurity,technology,6,Cybersecurity Analyst
python penetration testing ethical hacking network security,BSc Cybersecurity,problem solving,3,Cybersecurity Analyst
network security ethical hacking linux,BTech CSE,innovation,8,Cybersecurity Analyst
linux penetration testing ethical hacking network security,MCA,ethical hacking,3,Cybersecurity Analyst
python penetration testing linux docker ethical hacking,MCA,security,8,Cybersecurity Analyst
python penetration testing network security linux ethical hacking,BSc Cybersecurity,technology,2,Cybersecurity Analyst
penetration testing linux network security docker ethical hacking,BSc Cybersecurity,innovation,3,Cybersecurity Analyst
python problem solving ethical hacking network security,BTech CSE,ethical hacking,1,Cybersecurity Analyst
python penetration testing network security linux ethical hacking,BSc Cybersecurity,innovation,2,Cybersecurity Analyst
python penetration testing git network security ethical hacking,MCA,technology,6,Cybersecurity Analyst
python linux network security sql ethical hacking,BTech CSE,ethical hacking,1,Cybersecurity Analyst
python penetration testing linux network security ethical hacking,BTech CSE,innovation,6,Cybersecurity Analyst
python penetration testing network security linux docker ethical hacking,MCA,technology,5,Cybersecurity Analyst
penetration testing linux communication sql ethical hacking,MCA,innovation,8,Cybersecurity Analyst
python penetration testing aws network security linux,MCA,innovation,6,Cybersecurity Analyst
python penetration testing aws linux network security docker,MCA,problem solving,2,Cybersecurity Analyst
data analysis communication power bi excel docker sql,BBA,technology,5,Business Analyst
sql data analysis excel problem solving,BBA,innovation,4,Business Analyst
data analysis aws communication power bi excel sql,MBA,technology,2,Business Analyst
data analysis git communication power bi excel sql,BCom,business strategy,6,Business Analyst
data analysis git problem solving communication excel sql,BCom,reporting,1,Business Analyst
sql communication power bi excel,MBA,analytics,8,Business Analyst
data analysis communication power bi excel sql,BBA,reporting,5,Business Analyst
data analysis communication power bi excel sql,BCom,innovation,1,Business Analyst
data analysis aws power bi excel sql,BBA,innovation,0,Business Analyst
data analysis linux problem solving communication excel sql,BBA,technology,1,Business Analyst
sql data analysis power bi,BBA,business strategy,0,Business Analyst
data analysis problem solving communication power bi excel docker,MBA,technology,2,Business Analyst
data analysis git problem solving communication power bi,BBA,business strategy,2,Business Analyst
sql power bi excel,BBA,technology,6,Business Analyst
data analysis linux power bi excel sql,MBA,reporting,1,Business Analyst
communication power bi excel docker sql,MBA,problem solving,5,Business Analyst
data analysis communication power bi excel docker,MBA,problem solving,0,Business Analyst
sql data analysis power bi docker,MBA,technology,0,Business Analyst
data analysis communication power bi,MBA,analytics,4,Business Analyst
sql data analysis power bi python,MBA,reporting,4,Business Analyst
sql power bi communication excel,BBA,analytics,4,Business Analyst
data analysis problem solving communication excel docker sql,BCom,reporting,6,Business Analyst
data analysis communication power bi excel sql,MBA,analytics,2,Business Analyst
data analysis aws problem solving communication power bi sql,MBA,innovation,3,Business Analyst
python data analysis aws communication excel sql,BBA,analytics,8,Business Analyst
aws linux communication power bi excel,BCom,business strategy,1,Business Analyst
sql data analysis power bi excel,MBA,problem solving,8,Business Analyst
sql data analysis excel git,BBA,analytics,8,Business Analyst
sql communication excel docker,MBA,technology,3,Business Analyst
data analysis communication power bi excel sql,BCom,analytics,3,Business Analyst
data analysis problem solving power bi excel sql,BBA,reporting,6,Business Analyst
data analysis communication power bi excel sql,BBA,problem solving,8,Business Analyst
data analysis communication power bi excel sql,BCom,problem solving,6,Business Analyst
sql data analysis communication excel,MBA,business strategy,2,Business Analyst
sql data analysis communication power bi,BBA,business strategy,5,Business Analyst
sql data analysis power bi,BBA,business strategy,8,Business Analyst
data analysis problem solving communication power bi excel sql,MBA,technology,3,Business Analyst
data analysis communication power bi excel,BBA,innovation,2,Business Analyst
python data analysis communication excel sql,BCom,innovation,2,Business Analyst
power bi data analysis communication excel,BCom,technology,1,Business Analyst
sql data analysis power bi excel,BBA,reporting,7,Business Analyst
python data analysis aws communication power bi excel,MBA,problem solving,8,Business Analyst
aws communication power bi excel sql,BCom,technology,0,Business Analyst
problem solving communication power bi excel sql,BCom,reporting,8,Business Analyst
sql python power bi excel,BCom,problem solving,0,Business Analyst
data analysis communication excel aws,BBA,technology,2,Business Analyst
data analysis linux communication power bi excel sql,MBA,analytics,3,Business Analyst
data analysis linux communication power bi excel,BCom,analytics,4,Business Analyst
data analysis communication power bi excel sql,BBA,innovation,1,Business Analyst
sql communication power bi excel,BCom,innovation,7,Business Analyst
data analysis aws communication power bi excel sql,BCom,technology,1,Business Analyst
sql data analysis excel aws,MBA,business strategy,1,Business Analyst
linux communication power bi excel sql,BBA,analytics,1,Business Analyst
sql data analysis communication power bi,MBA,business strategy,6,Business Analyst
aws communication power bi excel docker sql,BCom,reporting,4,Business Analyst
data analysis problem solving communication power bi excel,BCom,innovation,3,Business Analyst
data analysis communication power bi excel sql,BBA,analytics,1,Business Analyst
sql data analysis power bi linux,BCom,reporting,8,Business Analyst
python data analysis communication power bi excel sql,MBA,innovation,2,Business Analyst
data analysis git problem solving communication power bi excel sql,BCom,business strategy,5,Business Analyst
data analysis communication power bi,BCom,problem solving,3,Business Analyst
python data analysis power bi excel sql,BBA,analytics,0,Business Analyst
data analysis git linux communication excel,BBA,problem solving,8,Business Analyst
power bi communication excel problem solving,BCom,reporting,6,Business Analyst
data analysis communication power bi excel docker sql,BBA,innovation,5,Business Analyst
sql power bi excel,BCom,analytics,0,Business Analyst
data analysis problem solving power bi excel sql,BBA,analytics,0,Business Analyst
sql data analysis communication power bi,BBA,technology,8,Business Analyst
power bi data analysis excel sql,MBA,reporting,2,Business Analyst
sql data analysis communication power bi,BCom,analytics,3,Business Analyst
sql data analysis communication linux,MBA,business strategy,0,Business Analyst
aws linux power bi excel sql,MBA,innovation,4,Business Analyst
data analysis communication power bi excel docker sql,BBA,analytics,2,Business Analyst
data analysis aws git communication excel,BCom,reporting,5,Business Analyst
data analysis aws communication excel docker sql,MBA,business strategy,3,Business Analyst
sql communication power bi excel,BCom,technology,5,Business Analyst
data analysis communication power bi excel sql,BCom,analytics,0,Business Analyst
sql data analysis communication,BCom,analytics,6,Business Analyst
sql data analysis communication excel,MBA,technology,7,Business Analyst
power bi data analysis communication excel,MBA,analytics,5,Business Analyst
sql communication power bi,BBA,innovation,0,Business Analyst
data analysis communication power bi excel sql,MBA,problem solving,6,Business Analyst
power bi communication excel,BBA,problem solving,5,Business Analyst
python data analysis communication power bi excel sql,BBA,business strategy,2,Business Analyst
power bi data analysis communication excel,MBA,business strategy,6,Business Analyst
data analysis aws problem solving communication excel sql,BBA,analytics,2,Business Analyst
data analysis communication power bi excel sql,MBA,technology,5,Business Analyst
sql data analysis communication power bi,BCom,technology,4,Business Analyst
data analysis communication power bi excel docker sql,BBA,problem solving,7,Business Analyst
python data analysis git communication power bi excel sql,BBA,innovation,1,Business Analyst
data analysis problem solving communication power bi excel sql,MBA,problem solving,8,Business Analyst
sql data analysis communication power bi,MBA,business strategy,0,Business Analyst
sql data analysis power bi excel,BBA,technology,6,Business Analyst
power bi data analysis communication excel,BCom,problem solving,3,Business Analyst
data analysis communication power bi excel sql,MBA,problem solving,2,Business Analyst
data analysis git problem solving power bi sql,MBA,analytics,0,Business Analyst
data analysis communication power bi excel docker,BBA,technology,6,Business Analyst
data analysis linux communication power bi excel sql,BBA,problem solving,5,Business Analyst
sql data analysis power bi excel,BCom,reporting,4,Business Analyst
data analysis communication excel docker sql,BBA,innovation,8,Business Analyst
kubernetes aws linux communication sql ci cd,MCA,deployment,0,DevOps Engineer
kubernetes aws linux jenkins docker ci cd,MCA,infrastructure,2,DevOps Engineer
kubernetes aws linux git jenkins ci cd,BTech CSE,automation,3,DevOps Engineer
python aws kubernetes linux,BTech CSE,automation,7,DevOps Engineer
aws kubernetes git linux ci cd,BTech CSE,infrastructure,7,DevOps Engineer
linux communication jenkins docker ci cd,BTech CSE,automation,7,DevOps Engineer
aws problem solving linux sql jenkins,BTech CSE,innovation,8,DevOps Engineer
python kubernetes linux communication docker ci cd,MCA,problem solving,7,DevOps Engineer
jenkins kubernetes docker,BTech CSE,innovation,7,DevOps Engineer
ci cd jenkins aws docker,BTech CSE,technology,7,DevOps Engineer
kubernetes aws linux jenkins docker ci cd,BTech CSE,technology,2,DevOps Engineer
ci cd jenkins aws docker,BTech CSE,deployment,3,DevOps Engineer
kubernetes aws linux jenkins docker ci cd,MCA,innovation,2,DevOps Engineer
aws git linux communication jenkins docker ci cd,BTech CSE,deployment,0,DevOps Engineer
kubernetes aws linux jenkins docker ci cd,MCA,problem solving,4,DevOps Engineer
python ci cd aws linux,BTech CSE,problem solving,4,DevOps Engineer
kubernetes aws communication docker ci cd,BTech CSE,innovation,2,DevOps Engineer
aws kubernetes linux jenkins docker ci cd,MCA,problem solving,8,DevOps Engineer
kubernetes aws linux problem solving docker ci cd,MCA,deployment,8,DevOps Engineer
aws linux jenkins docker ci cd,BTech CSE,problem solving,1,DevOps Engineer
aws kubernetes linux docker ci cd,MCA,innovation,6,DevOps Engineer
linux ci cd kubernetes docker,MCA,innovation,7,DevOps Engineer
kubernetes aws linux jenkins docker ci cd,MCA,innovation,4,DevOps Engineer
linux ci cd kubernetes docker,MCA,infrastructure,6,DevOps Engineer
aws kubernetes problem solving communication jenkins docker ci cd,MCA,problem solving,8,DevOps Engineer
ci cd jenkins aws linux,MCA,technology,1,DevOps Engineer
linux problem solving kubernetes docker,BTech CSE,infrastructure,3,DevOps Engineer
aws jenkins kubernetes docker,BTech CSE,technology,0,DevOps Engineer
kubernetes ci cd aws,BTech CSE,innovation,4,DevOps Engineer
ci cd aws git linux,MCA,infrastructure,8,DevOps Engineer
aws kubernetes linux communication jenkins docker ci cd,MCA,infrastructure,7,DevOps Engineer
kubernetes linux problem solving jenkins docker ci cd,MCA,automation,6,DevOps Engineer
aws kubernetes linux problem solving git jenkins docker ci cd,BTech CSE,automation,7,DevOps Engineer
aws kubernetes communication docker jenkins,MCA,automation,7,DevOps Engineer
ci cd kubernetes aws linux communication docker jenkins,MCA,automation,5,DevOps Engineer
jenkins kubernetes aws,MCA,problem solving,2,DevOps Engineer
kubernetes git linux jenkins docker ci cd,BTech CSE,innovation,1,DevOps Engineer
kubernetes aws linux docker ci cd,BTech CSE,problem solving,6,DevOps Engineer
aws linux jenkins docker ci cd,BTech CSE,infrastructure,3,DevOps Engineer
python aws linux jenkins ci cd,MCA,infrastructure,3,DevOps Engineer
kubernetes problem solving linux jenkins ci cd,MCA,problem solving,4,DevOps Engineer
kubernetes aws linux jenkins docker ci cd,MCA,infrastructure,6,DevOps Engineer
jenkins communication kubernetes docker,BTech CSE,deployment,1,DevOps Engineer
python ci cd aws docker,MCA,automation,4,DevOps Engineer
python aws jenkins sql ci cd,BTech CSE,innovation,6,DevOps Engineer
python aws linux problem solving jenkins docker ci cd,MCA,problem solving,4,DevOps Engineer
python aws kubernetes linux jenkins docker ci cd,BTech CSE,infrastructure,2,DevOps Engineer
sql ci cd kubernetes linux,BTech CSE,automation,3,DevOps Engineer
docker aws linux,BTech CSE,automation,7,DevOps Engineer
aws kubernetes linux docker sql,MCA,innovation,4,DevOps Engineer
ci cd aws docker,BTech CSE,automation,1,DevOps Engineer
kubernetes aws linux jenkins docker ci cd,MCA,deployment,5,DevOps Engineer
aws kubernetes linux git docker sql ci cd,BTech CSE,technology,8,DevOps Engineer
python aws kubernetes linux problem solving jenkins docker ci cd,MCA,innovation,7,DevOps Engineer
kubernetes aws problem solving linux docker jenkins,BTech CSE,infrastructure,6,DevOps Engineer
docker ci cd aws linux,MCA,deployment,8,DevOps Engineer
python aws linux docker jenkins,BTech CSE,automation,3,DevOps Engineer
ci cd jenkins aws,BTech CSE,automation,6,DevOps Engineer
kubernetes aws linux jenkins docker ci cd,BTech CSE,deployment,1,DevOps Engineer
kubernetes aws linux jenkins docker ci cd,BTech CSE,automation,5,DevOps Engineer
jenkins kubernetes linux,MCA,infrastructure,8,DevOps Engineer
kubernetes aws linux jenkins docker ci cd,BTech CSE,innovation,7,DevOps Engineer
sql jenkins aws linux,BTech CSE,infrastructure,0,DevOps Engineer
kubernetes git linux aws docker,MCA,deployment,0,DevOps Engineer
docker kubernetes git aws,MCA,infrastructure,3,DevOps Engineer
kubernetes aws linux jenkins docker ci cd,MCA,technology,3,DevOps Engineer
kubernetes aws jenkins docker ci cd,BTech CSE,automation,6,DevOps Engineer
kubernetes linux jenkins docker ci cd,BTech CSE,technology,5,DevOps Engineer
kubernetes aws docker,MCA,problem solving,4,DevOps Engineer
aws linux jenkins docker ci cd,BTech CSE,innovation,0,DevOps Engineer
python kubernetes linux problem solving docker ci cd,BTech CSE,technology,1,DevOps Engineer
linux communication aws docker,MCA,automation,1,DevOps Engineer
ci cd kubernetes aws linux git docker jenkins,BTech CSE,infrastructure,7,DevOps Engineer
kubernetes problem solving communication docker jenkins,MCA,automation,5,DevOps Engineer
kubernetes aws linux git communication jenkins docker ci cd,BTech CSE,deployment,7,DevOps Engineer
ci cd python jenkins linux,MCA,technology,2,DevOps Engineer
python kubernetes linux jenkins docker ci cd,BTech CSE,innovation,6,DevOps Engineer
aws kubernetes linux,BTech CSE,infrastructure,2,DevOps Engineer
aws linux jenkins docker ci cd,MCA,problem solving,2,DevOps Engineer
python aws git docker ci cd,MCA,technology,6,DevOps Engineer
python aws kubernetes linux jenkins,MCA,automation,8,DevOps Engineer
problem solving communication jenkins docker ci cd,BTech CSE,problem solving,6,DevOps Engineer
aws kubernetes problem solving linux ci cd,BTech CSE,infrastructure,8,DevOps Engineer
aws linux problem solving jenkins docker sql ci cd,MCA,innovation,2,DevOps Engineer
aws jenkins kubernetes linux,MCA,technology,2,DevOps Engineer
docker ci cd kubernetes linux,BTech CSE,technology,6,DevOps Engineer
aws communication docker sql ci cd,MCA,technology,7,DevOps Engineer
aws linux problem solving jenkins docker ci cd,BTech CSE,deployment,5,DevOps Engineer
kubernetes linux jenkins docker ci cd,BTech CSE,automation,7,DevOps Engineer
kubernetes aws linux docker ci cd,BTech CSE,innovation,5,DevOps Engineer
kubernetes aws linux communication docker ci cd,MCA,technology,6,DevOps Engineer
aws kubernetes linux jenkins docker ci cd,MCA,deployment,0,DevOps Engineer
python kubernetes aws linux git docker ci cd,BTech CSE,infrastructure,2,DevOps Engineer
sql jenkins aws docker,MCA,automation,0,DevOps Engineer
sql jenkins kubernetes docker,MCA,automation,6,DevOps Engineer
kubernetes aws jenkins docker ci cd,BTech CSE,innovation,7,DevOps Engineer
kubernetes aws linux jenkins docker ci cd,BTech CSE,automation,1,DevOps Engineer
aws kubernetes linux docker ci cd,BTech CSE,problem solving,1,DevOps Engineer
jenkins kubernetes docker,MCA,deployment,7,DevOps Engineer
linux jenkins kubernetes docker,MCA,technology,5,DevOps Engineer
python tensorflow nlp deep learning machine learning,MTech AI,innovation,2,AI Engineer
python tensorflow nlp deep learning problem solving llms,MTech AI,problem solving,3,AI Engineer
python nlp sql llms machine learning,BTech CSE,problem solving,5,AI Engineer
python tensorflow nlp deep learning linux communication machine learning,MCA,nlp,5,AI Engineer
python tensorflow deep learning sql llms machine learning,MTech AI,innovation,0,AI Engineer
python tensorflow deep learning docker llms,BTech CSE,technology,5,AI Engineer
python tensorflow nlp linux communication machine learning,MTech AI,automation,1,AI Engineer
tensorflow python nlp llms,BTech CSE,artificial intelligence,1,AI Engineer
tensorflow nlp deep learning llms machine learning,BTech CSE,nlp,8,AI Engineer
python nlp deep learning llms machine learning,BTech CSE,automation,7,AI Engineer
python nlp deep learning problem solving machine learning,BTech CSE,technology,0,AI Engineer
python tensorflow nlp aws deep learning llms machine learning,BTech CSE,problem solving,7,AI Engineer
python tensorflow aws deep learning llms,MTech AI,artificial intelligence,8,AI Engineer
tensorflow nlp aws deep learning problem solving,BTech CSE,problem solving,7,AI Engineer
python tensorflow deep learning docker llms machine learning,BTech CSE,nlp,8,AI Engineer
python tensorflow nlp aws deep learning llms machine learning,BTech CSE,automation,4,AI Engineer
tensorflow python nlp llms,MTech AI,artificial intelligence,6,AI Engineer
sql python machine learning deep learning,BTech CSE,technology,1,AI Engineer
python tensorflow nlp aws deep learning llms machine learning,MCA,technology,6,AI Engineer
python llms deep learning,MCA,technology,0,AI Engineer
python tensorflow nlp deep learning llms machine learning,MTech AI,technology,4,AI Engineer
python tensorflow nlp deep learning sql llms machine learning,BTech CSE,problem solving,0,AI Engineer
python tensorflow nlp deep learning llms machine learning,BTech CSE,innovation,4,AI Engineer
tensorflow nlp deep learning llms machine learning,MTech AI,technology,3,AI Engineer
tensorflow machine learning deep learning problem solving,MTech AI,problem solving,6,AI Engineer
python tensorflow nlp deep learning linux llms machine learning,BTech CSE,artificial intelligence,1,AI Engineer
python tensorflow nlp deep learning machine learning,MCA,problem solving,6,AI Engineer
tensorflow machine learning deep learning,MCA,innovation,3,AI Engineer
python nlp machine learning aws,MCA,problem solving,7,AI Engineer
python tensorflow nlp deep learning llms,MTech AI,problem solving,0,AI Engineer
python tensorflow nlp deep learning machine learning,MCA,innovation,3,AI Engineer
python nlp deep learning problem solving llms,BTech CSE,innovation,0,AI Engineer
tensorflow nlp aws deep learning communication llms machine learning,BTech CSE,automation,3,AI Engineer
nlp llms deep learning,MCA,technology,2,AI Engineer
llms machine learning deep learning problem solving,BTech CSE,artificial intelligence,6,AI Engineer
git nlp llms deep learning,BTech CSE,artificial intelligence,0,AI Engineer
tensorflow llms deep learning problem solving,BTech CSE,nlp,4,AI Engineer
python tensorflow nlp deep learning communication llms,MCA,automation,7,AI Engineer
python tensorflow nlp deep learning communication llms machine learning,BTech CSE,nlp,4,AI Engineer
python tensorflow nlp deep learning llms,BTech CSE,automation,2,AI Engineer
python tensorflow deep learning sql llms machine learning,BTech CSE,problem solving,4,AI Engineer
tensorflow python nlp docker,BTech CSE,problem solving,8,AI Engineer
python tensorflow nlp deep learning git sql llms machine learning,MCA,innovation,7,AI Engineer
python tensorflow communication sql llms,MCA,problem solving,6,AI Engineer
tensorflow python nlp machine learning,MTech AI,innovation,6,AI Engineer
python tensorflow nlp deep learning llms machine learning,BTech CSE,technology,1,AI Engineer
python tensorflow nlp deep learning communication llms machine learning,MTech AI,automation,7,AI Engineer
python tensorflow nlp aws deep learning git llms machine learning,MCA,automation,6,AI Engineer
tensorflow nlp aws communication machine learning,BTech CSE,technology,2,AI Engineer
python tensorflow nlp deep learning llms machine learning,BTech CSE,automation,6,AI Engineer
python nlp deep learning linux llms machine learning,MTech AI,automation,7,AI Engineer
python tensorflow nlp deep learning communication docker llms machine learning,BTech CSE,artificial intelligence,7,AI Engineer
python tensorflow deep learning problem solving communication llms,MCA,nlp,2,AI Engineer
python nlp machine learning linux,BTech CSE,problem solving,6,AI Engineer
python tensorflow nlp problem solving machine learning,MTech AI,automation,1,AI Engineer
tensorflow nlp deep learning,BTech CSE,automation,6,AI Engineer
python tensorflow nlp communication llms,MCA,automation,8,AI Engineer
tensorflow nlp deep learning sql,MTech AI,problem solving,2,AI Engineer
tensorflow nlp machine learning deep learning,BTech CSE,innovation,0,AI Engineer
tensorflow python machine learning deep learning,MCA,automation,7,AI Engineer
python tensorflow deep learning docker machine learning,MTech AI,problem solving,8,AI Engineer
tensorflow python deep learning,MTech AI,problem solving,2,AI Engineer
tensorflow python nlp git,MCA,nlp,0,AI Engineer
python tensorflow nlp deep learning llms machine learning,BTech CSE,artificial intelligence,0,AI Engineer
tensorflow nlp aws deep learning communication llms machine learning,MTech AI,problem solving,8,AI Engineer
tensorflow nlp deep learning llms machine learning,BTech CSE,artificial intelligence,5,AI Engineer
python tensorflow aws problem solving machine learning,MTech AI,artificial intelligence,1,AI Engineer
python tensorflow nlp deep learning llms machine learning,MCA,artificial intelligence,5,AI Engineer
nlp llms machine learning problem solving,MTech AI,technology,0,AI Engineer
python tensorflow nlp deep learning linux docker llms machine learning,MTech AI,problem solving,3,AI Engineer
tensorflow nlp deep learning problem solving docker llms,BTech CSE,technology,0,AI Engineer
tensorflow nlp deep learning problem solving llms machine learning,BTech CSE,nlp,8,AI Engineer
python tensorflow nlp deep learning linux llms machine learning,MCA,automation,2,AI Engineer
python tensorflow nlp deep learning llms machine learning,MTech AI,artificial intelligence,1,AI Engineer
tensorflow deep learning communication docker llms,MCA,automation,4,AI Engineer
python tensorflow nlp deep learning problem solving sql llms machine learning,BTech CSE,nlp,5,AI Engineer
tensorflow nlp machine learning,MCA,innovation,2,AI Engineer
python nlp deep learning llms machine learning,MTech AI,nlp,5,AI Engineer
python tensorflow nlp sql llms machine learning,BTech CSE,nlp,8,AI Engineer
tensorflow nlp communication machine learning,MTech AI,automation,4,AI Engineer
python tensorflow nlp deep learning git communication llms machine learning,MTech AI,technology,3,AI Engineer
python nlp machine learning deep learning,MTech AI,problem solving,2,AI Engineer
python tensorflow deep learning problem solving linux llms machine learning,BTech CSE,problem solving,4,AI Engineer
python tensorflow deep learning linux llms machine learning,BTech CSE,automation,5,AI Engineer
python nlp aws deep learning sql machine learning,MCA,artificial intelligence,5,AI Engineer
nlp deep learning problem solving linux llms machine learning,BTech CSE,technology,5,AI Engineer
tensorflow nlp git docker machine learning,BTech CSE,innovation,8,AI Engineer
tensorflow llms machine learning,MCA,problem solving,6,AI Engineer
tensorflow nlp deep learning,MTech AI,innovation,0,AI Engineer
python tensorflow nlp llms machine learning,MTech AI,automation,8,AI Engineer
python tensorflow deep learning problem solving llms machine learning,BTech CSE,automation,7,AI Engineer
python llms deep learning docker,BTech CSE,automation,8,AI Engineer
python nlp machine learning docker,MTech AI,problem solving,7,AI Engineer
python tensorflow aws docker llms,MTech AI,technology,6,AI Engineer
python tensorflow nlp deep learning linux communication llms machine learning,MCA,technology,6,AI Engineer
python tensorflow linux docker machine learning,BTech CSE,automation,7,AI Engineer
tensorflow nlp aws llms machine learning,BTech CSE,innovation,8,AI Engineer
python nlp deep learning llms machine learning,BTech CSE,automation,0,AI Engineer
tensorflow python nlp problem solving,BTech CSE,nlp,8,AI Engineer
tensorflow machine learning deep learning,MCA,problem solving,8,AI Engineer
node js css problem solving communication react,BCA,innovation,2,Full Stack Developer
node js javascript mongodb express react,BCA,backend,6,Full Stack Developer
node js css javascript mongodb html react,MCA,problem solving,6,Full Stack Developer
python node js javascript react mongodb sql html express css,BCA,backend,5,Full Stack Developer
node js git communication mongodb html express react,MCA,problem solving,7,Full Stack Developer
python node js css aws javascript mongodb html express react,MCA,backend,5,Full Stack Developer
react express css node js,BCA,technology,2,Full Stack Developer
css git javascript mongodb sql html express react,BCA,technology,6,Full Stack Developer
python node js javascript docker express react,BCA,frontend,0,Full Stack Developer
node js javascript react mongodb html express css,BCA,backend,5,Full Stack Developer
javascript communication mongodb html express css,BTech CSE,web development,6,Full Stack Developer
node js aws javascript react html express css,MCA,technology,2,Full Stack Developer
express react node js javascript,BCA,backend,6,Full Stack Developer
node js react mongodb html express css,BCA,innovation,4,Full Stack Developer
node js javascript react mongodb html css,BCA,problem solving,6,Full Stack Developer
node js communication mongodb sql html,MCA,technology,2,Full Stack Developer
git javascript mongodb html express react,BCA,backend,3,Full Stack Developer
node js css javascript mongodb html express react,MCA,technology,7,Full Stack Developer
node js aws problem solving html express css,MCA,problem solving,8,Full Stack Developer
node js css javascript linux mongodb html express react,BCA,backend,6,Full Stack Developer
python node js css communication mongodb html express react,BTech CSE,web development,3,Full Stack Developer
node js aws mongodb express react,BCA,technology,5,Full Stack Developer
node js javascript mongodb html express css,MCA,web development,8,Full Stack Developer
python node js javascript react html express css,MCA,technology,7,Full Stack Developer
node js git javascript react mongodb sql html express css,MCA,backend,1,Full Stack Developer
node js css javascript mongodb html express react,BCA,problem solving,4,Full Stack Developer
react html css mongodb,BTech CSE,backend,0,Full Stack Developer
node js javascript html express react,BTech CSE,technology,1,Full Stack Developer
javascript react mongodb html express css,BTech CSE,backend,2,Full Stack Developer
node js javascript html express css,MCA,innovation,4,Full Stack Developer
python node js javascript react mongodb sql html express css,BCA,frontend,5,Full Stack Developer
react css mongodb javascript,BTech CSE,backend,1,Full Stack Developer
node js problem solving mongodb express css,BCA,problem solving,1,Full Stack Developer
node js javascript linux communication mongodb html react,BTech CSE,problem solving,5,Full Stack Developer
python javascript communication mongodb express react,BCA,web development,7,Full Stack Developer
node js problem solving react mongodb html express css,BTech CSE,problem solving,5,Full Stack Developer
git javascript sql html express react,MCA,technology,6,Full Stack Developer
html express node js,BCA,frontend,7,Full Stack Developer
node js css mongodb html express react,BTech CSE,problem solving,6,Full Stack Developer
node js css javascript linux problem solving mongodb html express react,BTech CSE,backend,1,Full Stack Developer
css linux mongodb sql html express react,BCA,frontend,8,Full Stack Developer
node js problem solving html express react,BCA,web development,8,Full Stack Developer
node js css aws javascript mongodb html express react,BTech CSE,innovation,1,Full Stack Developer
html express node js,BCA,backend,3,Full Stack Developer
aws problem solving javascript mongodb html express,BCA,backend,6,Full Stack Developer
javascript react communication html express css,BCA,problem solving,1,Full Stack Developer
express css mongodb,BTech CSE,problem solving,0,Full Stack Developer
node js git javascript problem solving mongodb html express css,BTech CSE,problem solving,2,Full Stack Developer
node js javascript react communication mongodb html express css,BCA,web development,5,Full Stack Developer
javascript communication mongodb docker html css,BTech CSE,backend,2,Full Stack Developer
html express python javascript,BCA,problem solving,6,Full Stack Developer
node js javascript mongodb docker html express css,MCA,technology,5,Full Stack Developer
python css communication mongodb html react,MCA,web development,6,Full Stack Developer
python node js mongodb sql express css,BCA,frontend,1,Full Stack Developer
node js javascript react mongodb sql html express css,BTech CSE,problem solving,0,Full Stack Developer
html express react javascript,MCA,innovation,5,Full Stack Developer
node js css javascript mongodb html react,BTech CSE,backend,0,Full Stack Developer
node js javascript react linux mongodb express css,BTech CSE,backend,7,Full Stack Developer
express css mongodb javascript,BTech CSE,web development,7,Full Stack Developer
python node js javascript problem solving mongodb react,MCA,technology,4,Full Stack Developer
node js css mongodb docker html react,BTech CSE,innovation,1,Full Stack Developer
node js css javascript mongodb html express react,BTech CSE,frontend,1,Full Stack Developer
react css aws javascript,BTech CSE,frontend,8,Full Stack Developer
node js mongodb docker html express css,BTech CSE,problem solving,5,Full Stack Developer
sql html css mongodb,MCA,backend,6,Full Stack Developer
css javascript linux html express react,BCA,technology,1,Full Stack Developer
node js git javascript mongodb html express css,BCA,backend,0,Full Stack Developer
node js react mongodb sql html express css,MCA,innovation,1,Full Stack Developer
node js git javascript react communication mongodb html express css,MCA,problem solving,2,Full Stack Developer
node js javascript react communication mongodb docker html express css,BCA,web development,3,Full Stack Developer
node js git javascript communication html,BTech CSE,problem solving,4,Full Stack Developer
node js javascript problem solving html express css,MCA,backend,5,Full Stack Developer
node js javascript mongodb html express css,BCA,backend,6,Full Stack Developer
html react mongodb,BTech CSE,backend,5,Full Stack Developer
node js aws javascript mongodb sql html express css,BTech CSE,innovation,1,Full Stack Developer
node js javascript react problem solving mongodb express css,BTech CSE,innovation,1,Full Stack Developer
node js javascript react html css,BTech CSE,problem solving,8,Full Stack Developer
node js css mongodb html express react,MCA,innovation,2,Full Stack Developer
node js javascript problem solving mongodb express css,BTech CSE,technology,0,Full Stack Developer
html node js mongodb javascript,MCA,backend,0,Full Stack Developer
node js css javascript sql html react,BCA,innovation,3,Full Stack Developer
javascript mongodb html express css,BTech CSE,frontend,6,Full Stack Developer
python node js aws javascript html css,BTech CSE,frontend,7,Full Stack Developer
python node js javascript react mongodb html express css,BTech CSE,web development,2,Full Stack Developer
git javascript communication html css,BTech CSE,technology,2,Full Stack Developer
node js git linux mongodb html express css,MCA,backend,5,Full Stack Developer
css html react mongodb,BCA,frontend,7,Full Stack Developer
javascript react mongodb docker express css,BTech CSE,technology,1,Full Stack Developer
python linux javascript html css,MCA,frontend,4,Full Stack Developer
node js javascript communication mongodb docker html express css,BCA,backend,8,Full Stack Developer
node js aws communication express react,BCA,problem solving,0,Full Stack Developer
node js javascript react mongodb html express css,BTech CSE,innovation,7,Full Stack Developer
node js javascript react mongodb html express css,MCA,backend,5,Full Stack Developer
python node js javascript react mongodb html express css,BCA,backend,0,Full Stack Developer
node js javascript react communication mongodb html express css,MCA,problem solving,7,Full Stack Developer
node js css aws javascript mongodb sql html express react,MCA,backend,1,Full Stack Developer
node js css javascript mongodb html express react,BCA,web development,1,Full Stack Developer
node js aws git react express css,MCA,innovation,5,Full Stack Developer
html css mongodb linux,BCA,problem solving,0,Full Stack Developer
css git docker html react,BTech CSE,technology,5,Full Stack Developer
